ICD10_category;ICD10_name
A00;Cholera
A01;Typhoid and paratyphoid fevers
A02;Other salmonella infections
A03;Shigellosis
A04;Other bacterial intestinal infections
A05;Oth bacterial foodborne intoxications, NEC
A06;Amebiasis
A07;Other protozoal intestinal diseases
A08;Viral and other specified intestinal infections
A09;Infectious gastroenteritis and colitis, unspecified
A15;Respiratory tuberculosis
A18;Tuberculosis of other organs
A23;Brucellosis
A26;Erysipeloid
A28;Other zoonotic bacterial diseases, not elsewhere classified
A30;Leprosy [Hansen's disease]
A31;Infection due to other mycobacteria
A36;Diphtheria
A37;Whooping cough
A38;Scarlet fever
A39;Meningococcal infection
A40;Streptococcal sepsis
A41;Other sepsis
A42;Actinomycosis
A46;Erysipelas
A48;Other bacterial diseases, not elsewhere classified
A49;Bacterial infection of unspecified site
A50;Congenital syphilis
A51;Early syphilis
A52;Late syphilis
A53;Other and unspecified syphilis
A54;Gonococcal infection
A55;Chlamydial lymphogranuloma (venereum)
A56;Other sexually transmitted chlamydial diseases
A59;Trichomoniasis
A60;Anogenital herpesviral [herpes simplex] infections
A63;Oth predominantly sexually transmitted diseases, NEC
A64;Unspecified sexually transmitted disease
A66;Yaws
A68;Relapsing fevers
A69;Other spirochetal infections
A71;Trachoma
A74;Other diseases caused by chlamydiae
A77;Spotted fever [tick-borne rickettsioses]
A79;Other rickettsioses
A80;Acute poliomyelitis
A82;Rabies
A84;Tick-borne viral encephalitis
A85;Other viral encephalitis, not elsewhere classified
A87;Viral meningitis
A90;Dengue fever [classical dengue]
A99;Unspecified viral hemorrhagic fever
B00;Herpesviral [herpes simplex] infections
B01;Varicella [chickenpox]
B02;Zoster [herpes zoster]
B05;Measles
B06;Rubella [German measles]
B07;Viral warts
B08;Oth viral infect with skin and mucous membrane lesions, NEC
B09;Unsp viral infection with skin and mucous membrane lesions
B15;Acute hepatitis A
B16;Acute hepatitis B
B17;Other acute viral hepatitis
B18;Chronic viral hepatitis
B19;Unspecified viral hepatitis
B25;Cytomegaloviral disease
B26;Mumps
B27;Infectious mononucleosis
B30;Viral conjunctivitis
B33;Other viral diseases, not elsewhere classified
B34;Viral infection of unspecified site
B35;Dermatophytosis
B36;Other superficial mycoses
B37;Candidiasis
B43;Chromomycosis and pheomycotic abscess
B44;Aspergillosis
B48;Other mycoses, not elsewhere classified
B49;Unspecified mycosis
B50;Plasmodium falciparum malaria
B53;Other specified malaria
B54;Unspecified malaria
B58;Toxoplasmosis
B60;Other protozoal diseases, not elsewhere classified
B66;Other fluke infections
B68;Taeniasis
B70;Diphyllobothriasis and sparganosis
B71;Other cestode infections
B75;Trichinellosis
B76;Hookworm diseases
B77;Ascariasis
B80;Enterobiasis
B81;Other intestinal helminthiases, not elsewhere classified
B82;Unspecified intestinal parasitism
B83;Other helminthiases
B85;Pediculosis and phthiriasis
B86;Scabies
B88;Other infestations
B89;Unspecified parasitic disease
B90;Sequelae of tuberculosis
B91;Sequelae of poliomyelitis
B94;Sequelae of other and unsp infectious and parasitic diseases
B95;Strep as the cause of diseases classified elsewhere
B96;Oth bacterial agents as the cause of diseases classd elswhr
B97;Viral agents as the cause of diseases classified elsewhere
B99;Other and unspecified infectious diseases
C07;Malignant neoplasm of parotid gland
C08;Malignant neoplasm of other and unsp major salivary glands
C09;Malignant neoplasm of tonsil
C11;Malignant neoplasm of nasopharynx
C13;Malignant neoplasm of hypopharynx
C14;Malig neoplasm of sites in the lip, oral cavity and pharynx
C16;Malignant neoplasm of stomach
C17;Malignant neoplasm of small intestine
C18;Malignant neoplasm of colon
C19;Malignant neoplasm of rectosigmoid junction
C20;Malignant neoplasm of rectum
C21;Malignant neoplasm of anus and anal canal
C25;Malignant neoplasm of pancreas
C26;Malignant neoplasm of other and ill-defined digestive organs
C30;Malignant neoplasm of nasal cavity and middle ear
C31;Malignant neoplasm of accessory sinuses
C32;Malignant neoplasm of larynx
C34;Malignant neoplasm of bronchus and lung
C38;Malignant neoplasm of heart, mediastinum and pleura
C40;Malignant neoplasm of bone and articular cartilage of limbs
C41;Malignant neoplasm of bone/artic cartl of and unsp sites
C43;Malignant melanoma of skin
C44;Other and unspecified malignant neoplasm of skin
C48;Malignant neoplasm of retroperitoneum and peritoneum
C49;Malignant neoplasm of other connective and soft tissue
C50;Malignant neoplasm of breast
C51;Malignant neoplasm of vulva
C53;Malignant neoplasm of cervix uteri
C54;Malignant neoplasm of corpus uteri
C56;Malignant neoplasm of ovary
C57;Malignant neoplasm of other and unsp female genital organs
C58;Malignant neoplasm of placenta
C61;Malignant neoplasm of prostate
C62;Malignant neoplasm of testis
C64;Malignant neoplasm of kidney, except renal pelvis
C67;Malignant neoplasm of bladder
C69;Malignant neoplasm of eye and adnexa
C70;Malignant neoplasm of meninges
C71;Malignant neoplasm of brain
C72;Malig neoplm of spinal cord, cranial nerves and oth prt cnsl
C73;Malignant neoplasm of thyroid gland
C75;Malignant neoplasm of endo glands and related structures
C76;Malignant neoplasm of other and ill-defined sites
C77;Secondary and unspecified malignant neoplasm of lymph nodes
C78;Secondary malignant neoplasm of resp and digestive organs
C79;Secondary malignant neoplasm of other and unspecified sites
C80;Malignant neoplasm without specification of site
C81;Hodgkin lymphoma
C82;Follicular lymphoma
C83;Non-follicular lymphoma
C85;Oth and unspecified types of non-Hodgkin lymphoma
C90;Multiple myeloma and malignant plasma cell neoplasms
C91;Lymphoid leukemia
C92;Myeloid leukemia
C95;Leukemia of unspecified cell type
D00;Carcinoma in situ of oral cavity, esophagus and stomach
D01;Carcinoma in situ of other and unspecified digestive organs
D03;Melanoma in situ
D04;Carcinoma in situ of skin
D05;Carcinoma in situ of breast
D06;Carcinoma in situ of cervix uteri
D07;Carcinoma in situ of other and unspecified genital organs
D09;Carcinoma in situ of other and unspecified sites
D10;Benign neoplasm of mouth and pharynx
D11;Benign neoplasm of major salivary glands
D12;Benign neoplasm of colon, rectum, anus and anal canal
D13;Benign neoplasm of and ill-defined parts of digestive system
D14;Benign neoplasm of middle ear and respiratory system
D15;Benign neoplasm of other and unsp intrathoracic organs
D16;Benign neoplasm of bone and articular cartilage
D17;Benign lipomatous neoplasm
D18;Hemangioma and lymphangioma, any site
D19;Benign neoplasm of mesothelial tissue
D20;Benign neoplm of soft tissue of retroperiton and peritoneum
D21;Other benign neoplasms of connective and other soft tissue
D22;Melanocytic nevi
D23;Other benign neoplasms of skin
D24;Benign neoplasm of breast
D25;Leiomyoma of uterus
D26;Other benign neoplasms of uterus
D27;Benign neoplasm of ovary
D28;Benign neoplasm of other and unsp female genital organs
D29;Benign neoplasm of male genital organs
D30;Benign neoplasm of urinary organs
D31;Benign neoplasm of eye and adnexa
D32;Benign neoplasm of meninges
D33;Benign neoplasm of brain and oth prt central nervous system
D34;Benign neoplasm of thyroid gland
D35;Benign neoplasm of other and unspecified endocrine glands
D36;Benign neoplasm of other and unspecified sites
D37;Neoplasm of uncrt behavior of oral cavity and dgstv organs
D38;Neoplm of uncrt behav of mid ear & resp and intrathorac org
D39;Neoplasm of uncertain behavior of female genital organs
D40;Neoplasm of uncertain behavior of male genital organs
D41;Neoplasm of uncertain behavior of urinary organs
D42;Neoplasm of uncertain behavior of meninges
D43;Neoplasm of uncertain behavior of brain and cnsl
D44;Neoplasm of uncertain behavior of endocrine glands
D45;Polycythemia vera
D46;Myelodysplastic syndromes
D47;Oth neoplm of uncrt behav of lymphoid, hematpoetc & rel tiss
D48;Neoplasm of uncertain behavior of other and unsp sites
D50;Iron deficiency anemia
D51;Vitamin B12 deficiency anemia
D52;Folate deficiency anemia
D53;Other nutritional anemias
D55;Anemia due to enzyme disorders
D58;Other hereditary hemolytic anemias
D59;Acquired hemolytic anemia
D61;Oth aplastic anemias and other bone marrow failure syndromes
D62;Acute posthemorrhagic anemia
D63;Anemia in chronic diseases classified elsewhere
D64;Other anemias
D65;Disseminated intravascular coagulation
D66;Hereditary factor VIII deficiency
D67;Hereditary factor IX deficiency
D68;Other coagulation defects
D69;Purpura and other hemorrhagic conditions
D70;Neutropenia
D72;Other disorders of white blood cells
D73;Diseases of spleen
D74;Methemoglobinemia
D75;Other and unsp diseases of blood and blood-forming organs
D76;Oth dis with lymphoreticular and reticulohistiocytic tissue
D80;Immunodeficiency with predominantly antibody defects
D81;Combined immunodeficiencies
D84;Other immunodeficiencies
D86;Sarcoidosis
D89;Oth disorders involving the immune mechanism, NEC
E00;Congenital iodine-deficiency syndrome
E01;Iodine-deficiency related thyroid disorders and allied cond
E02;Subclinical iodine-deficiency hypothyroidism
E03;Other hypothyroidism
E04;Other nontoxic goiter
E05;Thyrotoxicosis [hyperthyroidism]
E06;Thyroiditis
E07;Other disorders of thyroid
E10;Type 1 diabetes mellitus
E11;Type 2 diabetes mellitus
E13;Other specified diabetes mellitus
E15;Nondiabetic hypoglycemic coma
E16;Other disorders of pancreatic internal secretion
E21;Hyperparathyroidism and other disorders of parathyroid gland
E22;Hyperfunction of pituitary gland
E23;Hypofunction and other disorders of the pituitary gland
E24;Cushing's syndrome
E26;Hyperaldosteronism
E27;Other disorders of adrenal gland
E28;Ovarian dysfunction
E29;Testicular dysfunction
E31;Polyglandular dysfunction
E34;Other endocrine disorders
E44;Protein-calorie malnutrition of moderate and mild degree
E53;Deficiency of other B group vitamins
E54;Ascorbic acid deficiency
E55;Vitamin D deficiency
E56;Other vitamin deficiencies
E58;Dietary calcium deficiency
E60;Dietary zinc deficiency
E61;Deficiency of other nutrient elements
E63;Other nutritional deficiencies
E64;Sequelae of malnutrition and other nutritional deficiencies
E65;Localized adiposity
E66;Overweight and obesity
E67;Other hyperalimentation
E72;Other disorders of amino-acid metabolism
E73;Lactose intolerance
E74;Other disorders of carbohydrate metabolism
E77;Disorders of glycoprotein metabolism
E78;Disorders of lipoprotein metabolism and other lipidemias
E79;Disorders of purine and pyrimidine metabolism
E80;Disorders of porphyrin and bilirubin metabolism
E83;Disorders of mineral metabolism
E84;Cystic fibrosis
E86;Volume depletion
E87;Other disorders of fluid, electrolyte and acid-base balance
E88;Other and unspecified metabolic disorders
E89;Postproc endocrine and metabolic comp and disorders, NEC
F01;Vascular dementia
F02;Dementia in other diseases classified elsewhere
F03;Unspecified dementia
F04;Amnestic disorder due to known physiological condition
F05;Delirium due to known physiological condition
F06;Other mental disorders due to known physiological condition
F07;Personality & behavrl disorders due to known physiol cond
F10;Alcohol related disorders
F11;Opioid related disorders
F12;Cannabis related disorders
F13;Sedative, hypnotic, or anxiolytic related disorders
F17;Nicotine dependence
F19;Other psychoactive substance related disorders
F20;Schizophrenia
F21;Schizotypal disorder
F22;Delusional disorders
F23;Brief psychotic disorder
F25;Schizoaffective disorders
F29;Unsp psychosis not due to a substance or known physiol cond
F30;Manic episode
F31;Bipolar disorder
F32;Major depressive disorder, single episode
F33;Major depressive disorder, recurrent
F34;Persistent mood [affective] disorders
F39;Unspecified mood [affective] disorder
F40;Phobic anxiety disorders
F41;Other anxiety disorders
F42;Obsessive-compulsive disorder
F43;Reaction to severe stress, and adjustment disorders
F44;Dissociative and conversion disorders
F45;Somatoform disorders
F48;Other nonpsychotic mental disorders
F50;Eating disorders
F51;Sleep disorders not due to a substance or known physiol cond
F52;Sexual dysfnct not due to a substance or known physiol cond
F53;Puerperal psychosis
F54;Psych & behavrl factors assoc w disord or dis classd elswhr
F60;Specific personality disorders
F63;Impulse disorders
F68;Other disorders of adult personality and behavior
F73;Profound intellectual disabilities
F80;Specific developmental disorders of speech and language
F81;Specific developmental disorders of scholastic skills
F84;Pervasive developmental disorders
F88;Other disorders of psychological development
F90;Attention-deficit hyperactivity disorders
F91;Conduct disorders
F93;Emotional disorders with onset specific to childhood
F94;Disord social w onset specific to childhood and adolescence
F95;Tic disorder
F98;Oth behav/emotn disord w onset usly occur in chldhd and adol
F99;Mental disorder, not otherwise specified
G00;Bacterial meningitis, not elsewhere classified
G03;Meningitis due to other and unspecified causes
G05;Encphlts, myelitis & encephalomyelitis in dis classd elswhr
G06;Intracranial and intraspinal abscess and granuloma
G09;Sequelae of inflammatory diseases of central nervous system
G11;Hereditary ataxia
G12;Spinal muscular atrophy and related syndromes
G20;Parkinson's disease
G21;Secondary parkinsonism
G24;Dystonia
G25;Other extrapyramidal and movement disorders
G26;Extrapyramidal and movement disord in diseases classd elswhr
G30;Alzheimer's disease
G31;Oth degenerative diseases of nervous system, NEC
G32;Oth degeneratv disord of nervous sys in dis classd elswhr
G35;Multiple sclerosis
G36;Other acute disseminated demyelination
G37;Other demyelinating diseases of central nervous system
G40;Epilepsy and recurrent seizures
G43;Migraine
G44;Other headache syndromes
G45;Transient cerebral ischemic attacks and related syndromes
G46;Vascular syndromes of brain in cerebrovascular diseases
G47;Sleep disorders
G50;Disorders of trigeminal nerve
G51;Facial nerve disorders
G52;Disorders of other cranial nerves
G53;Cranial nerve disorders in diseases classified elsewhere
G54;Nerve root and plexus disorders
G55;Nerve root and plexus compressions in diseases classd elswhr
G56;Mononeuropathies of upper limb
G57;Mononeuropathies of lower limb
G58;Other mononeuropathies
G59;Mononeuropathy in diseases classified elsewhere
G60;Hereditary and idiopathic neuropathy
G61;Inflammatory polyneuropathy
G62;Other and unspecified polyneuropathies
G63;Polyneuropathy in diseases classified elsewhere
G64;Other disorders of peripheral nervous system
G70;Myasthenia gravis and other myoneural disorders
G71;Primary disorders of muscles
G72;Other and unspecified myopathies
G73;Disord of myoneural junction and muscle in dis classd elswhr
G80;Cerebral palsy
G81;Hemiplegia and hemiparesis
G82;Paraplegia (paraparesis) and quadriplegia (quadriparesis)
G83;Other paralytic syndromes
G90;Disorders of autonomic nervous system
G91;Hydrocephalus
G93;Other disorders of brain
G95;Other and unspecified diseases of spinal cord
G96;Other disorders of central nervous system
G97;Intraop and postproc comp and disorders of nervous sys, NEC
G98;Other disorders of nervous system not elsewhere classified
G99;Oth disorders of nervous system in diseases classd elswhr
H00;Hordeolum and chalazion
H01;Other inflammation of eyelid
H02;Other disorders of eyelid
H04;Disorders of lacrimal system
H05;Disorders of orbit
H10;Conjunctivitis
H11;Other disorders of conjunctiva
H15;Disorders of sclera
H16;Keratitis
H17;Corneal scars and opacities
H18;Other disorders of cornea
H20;Iridocyclitis
H21;Other disorders of iris and ciliary body
H25;Age-related cataract
H26;Other cataract
H27;Other disorders of lens
H28;Cataract in diseases classified elsewhere
H30;Chorioretinal inflammation
H31;Other disorders of choroid
H32;Chorioretinal disorders in diseases classified elsewhere
H33;Retinal detachments and breaks
H34;Retinal vascular occlusions
H35;Other retinal disorders
H36;Retinal disorders in diseases classified elsewhere
H40;Glaucoma
H42;Glaucoma in diseases classified elsewhere
H43;Disorders of vitreous body
H44;Disorders of globe
H46;Optic neuritis
H47;Other disorders of optic [2nd] nerve and visual pathways
H49;Paralytic strabismus
H50;Other strabismus
H51;Other disorders of binocular movement
H52;Disorders of refraction and accommodation
H53;Visual disturbances
H54;Blindness and low vision
H55;Nystagmus and other irregular eye movements
H57;Other disorders of eye and adnexa
H59;Intraop and postproc comp and disord of eye and adnexa, NEC
H60;Otitis externa
H61;Other disorders of external ear
H62;Disorders of external ear in diseases classified elsewhere
H65;Nonsuppurative otitis media
H66;Suppurative and unspecified otitis media
H67;Otitis media in diseases classified elsewhere
H68;Eustachian salpingitis and obstruction
H69;Other and unspecified disorders of Eustachian tube
H70;Mastoiditis and related conditions
H71;Cholesteatoma of middle ear
H72;Perforation of tympanic membrane
H73;Other disorders of tympanic membrane
H74;Other disorders of middle ear mastoid
H80;Otosclerosis
H81;Disorders of vestibular function
H82;Vertiginous syndromes in diseases classified elsewhere
H83;Other diseases of inner ear
H90;Conductive and sensorineural hearing loss
H91;Other and unspecified hearing loss
H92;Otalgia and effusion of ear
H93;Other disorders of ear, not elsewhere classified
H94;Other disorders of ear in diseases classified elsewhere
H95;Intraop and postproc comp and disorders of ear/mastd, NEC
I00;Rheumatic fever without heart involvement
I01;Rheumatic fever with heart involvement
I02;Rheumatic chorea
I05;Rheumatic mitral valve diseases
I06;Rheumatic aortic valve diseases
I07;Rheumatic tricuspid valve diseases
I08;Multiple valve diseases
I09;Other rheumatic heart diseases
I10;Essential (primary) hypertension
I11;Hypertensive heart disease
I12;Hypertensive chronic kidney disease
I13;Hypertensive heart and chronic kidney disease
I15;Secondary hypertension
I20;Angina pectoris
I21;STEMI & NSTEMI mocard infrc
I22;Subsequent STEMI & NSTEMI mocard infrc
I23;Certain crnt comp fol STEMI & NSTEMI mocard infrc <= 28 day
I24;Other acute ischemic heart diseases
I25;Chronic ischemic heart disease
I26;Pulmonary embolism
I27;Other pulmonary heart diseases
I28;Other diseases of pulmonary vessels
I30;Acute pericarditis
I31;Other diseases of pericardium
I32;Pericarditis in diseases classified elsewhere
I33;Acute and subacute endocarditis
I34;Nonrheumatic mitral valve disorders
I35;Nonrheumatic aortic valve disorders
I36;Nonrheumatic tricuspid valve disorders
I39;Endocarditis and heart valve disord in dis classd elswhr
I40;Acute myocarditis
I41;Myocarditis in diseases classified elsewhere
I42;Cardiomyopathy
I43;Cardiomyopathy in diseases classified elsewhere
I44;Atrioventricular and left bundle-branch block
I45;Other conduction disorders
I46;Cardiac arrest
I47;Paroxysmal tachycardia
I48;Atrial fibrillation and flutter
I49;Other cardiac arrhythmias
I50;Heart failure
I51;Complications and ill-defined descriptions of heart disease
I52;Other heart disorders in diseases classified elsewhere
I60;Nontraumatic subarachnoid hemorrhage
I61;Nontraumatic intracerebral hemorrhage
I63;Cerebral infarction
I65;Occls and stenosis of precerb art, not rslt in cereb infrc
I66;Occls and stenosis of cereb art, not rslt in cerebral infrc
I67;Other cerebrovascular diseases
I68;Cerebrovascular disorders in diseases classified elsewhere
I69;Sequelae of cerebrovascular disease
I70;Atherosclerosis
I71;Aortic aneurysm and dissection
I72;Other aneurysm
I73;Other peripheral vascular diseases
I74;Arterial embolism and thrombosis
I77;Other disorders of arteries and arterioles
I78;Diseases of capillaries
I79;Disord of art, arterioles and capilare in dis classd elswhr
I80;Phlebitis and thrombophlebitis
I82;Other venous embolism and thrombosis
I83;Varicose veins of lower extremities
I85;Esophageal varices
I86;Varicose veins of other sites
I87;Other disorders of veins
I88;Nonspecific lymphadenitis
I89;Oth noninfective disorders of lymphatic vessels and nodes
I95;Hypotension
I97;Intraop and postproc comp and disorders of circ sys, NEC
I99;Other and unspecified disorders of circulatory system
J00;Acute nasopharyngitis [common cold]
J01;Acute sinusitis
J02;Acute pharyngitis
J03;Acute tonsillitis
J04;Acute laryngitis and tracheitis
J05;Acute obstructive laryngitis [croup] and epiglottitis
J06;Acute upper resp infections of multiple and unsp sites
J09;Influenza due to certain identified influenza viruses
J10;Influenza due to other identified influenza virus
J11;Influenza due to unidentified influenza virus
J12;Viral pneumonia, not elsewhere classified
J13;Pneumonia due to Streptococcus pneumoniae
J14;Pneumonia due to Hemophilus influenzae
J15;Bacterial pneumonia, not elsewhere classified
J16;Pneumonia due to oth infectious organisms, NEC
J17;Pneumonia in diseases classified elsewhere
J18;Pneumonia, unspecified organism
J20;Acute bronchitis
J21;Acute bronchiolitis
J22;Unspecified acute lower respiratory infection
J30;Vasomotor and allergic rhinitis
J31;Chronic rhinitis, nasopharyngitis and pharyngitis
J32;Chronic sinusitis
J33;Nasal polyp
J34;Other and unspecified disorders of nose and nasal sinuses
J35;Chronic diseases of tonsils and adenoids
J36;Peritonsillar abscess
J37;Chronic laryngitis and laryngotracheitis
J38;Diseases of vocal cords and larynx, not elsewhere classified
J39;Other diseases of upper respiratory tract
J40;Bronchitis, not specified as acute or chronic
J41;Simple and mucopurulent chronic bronchitis
J42;Unspecified chronic bronchitis
J43;Emphysema
J44;Other chronic obstructive pulmonary disease
J45;Asthma
J47;Bronchiectasis
J60;Coalworker's pneumoconiosis
J67;Hypersensitivity pneumonitis due to organic dust
J69;Pneumonitis due to solids and liquids
J70;Respiratory conditions due to other external agents
J80;Acute respiratory distress syndrome
J81;Pulmonary edema
J82;Pulmonary eosinophilia, not elsewhere classified
J84;Other interstitial pulmonary diseases
J86;Pyothorax
J90;Pleural effusion, not elsewhere classified
J91;Pleural effusion in conditions classified elsewhere
J92;Pleural plaque
J93;Pneumothorax and air leak
J94;Other pleural conditions
J95;Intraop and postproc comp and disorders of resp sys, NEC
J96;Respiratory failure, not elsewhere classified
J98;Other respiratory disorders
J99;Respiratory disorders in diseases classified elsewhere
K00;Disorders of tooth development and eruption
K01;Embedded and impacted teeth
K02;Dental caries
K03;Other diseases of hard tissues of teeth
K04;Diseases of pulp and periapical tissues
K05;Gingivitis and periodontal diseases
K06;Other disorders of gingiva and edentulous alveolar ridge
K08;Other disorders of teeth and supporting structures
K09;Cysts of oral region, not elsewhere classified
K11;Diseases of salivary glands
K12;Stomatitis and related lesions
K13;Other diseases of lip and oral mucosa
K14;Diseases of tongue
K20;Esophagitis
K21;Gastro-esophageal reflux disease
K22;Other diseases of esophagus
K23;Disorders of esophagus in diseases classified elsewhere
K25;Gastric ulcer
K26;Duodenal ulcer
K27;Peptic ulcer, site unspecified
K28;Gastrojejunal ulcer
K29;Gastritis and duodenitis
K30;Functional dyspepsia
K31;Other diseases of stomach and duodenum
K35;Acute appendicitis
K36;Other appendicitis
K37;Unspecified appendicitis
K38;Other diseases of appendix
K40;Inguinal hernia
K41;Femoral hernia
K42;Umbilical hernia
K43;Ventral hernia
K44;Diaphragmatic hernia
K45;Other abdominal hernia
K46;Unspecified abdominal hernia
K50;Crohn's disease [regional enteritis]
K51;Ulcerative colitis
K52;Other and unsp noninfective gastroenteritis and colitis
K55;Vascular disorders of intestine
K56;Paralytic ileus and intestinal obstruction without hernia
K57;Diverticular disease of intestine
K58;Irritable bowel syndrome
K59;Other functional intestinal disorders
K60;Fissure and fistula of anal and rectal regions
K61;Abscess of anal and rectal regions
K62;Other diseases of anus and rectum
K63;Other diseases of intestine
K65;Peritonitis
K66;Other disorders of peritoneum
K67;Disorders of peritoneum in infectious diseases classd elswhr
K70;Alcoholic liver disease
K71;Toxic liver disease
K72;Hepatic failure, not elsewhere classified
K73;Chronic hepatitis, not elsewhere classified
K74;Fibrosis and cirrhosis of liver
K75;Other inflammatory liver diseases
K76;Other diseases of liver
K77;Liver disorders in diseases classified elsewhere
K80;Cholelithiasis
K81;Cholecystitis
K82;Other diseases of gallbladder
K83;Other diseases of biliary tract
K85;Acute pancreatitis
K86;Other diseases of pancreas
K87;Disord of GB, biliary trac and pancreas in dis classd elswhr
K90;Intestinal malabsorption
K91;Intraop and postproc comp and disorders of dgstv sys, NEC
K92;Other diseases of digestive system
L00;Staphylococcal scalded skin syndrome
L01;Impetigo
L02;Cutaneous abscess, furuncle and carbuncle
L03;Cellulitis and acute lymphangitis
L04;Acute lymphadenitis
L05;Pilonidal cyst and sinus
L08;Other local infections of skin and subcutaneous tissue
L10;Pemphigus
L11;Other acantholytic disorders
L13;Other bullous disorders
L20;Atopic dermatitis
L21;Seborrheic dermatitis
L23;Allergic contact dermatitis
L24;Irritant contact dermatitis
L25;Unspecified contact dermatitis
L27;Dermatitis due to substances taken internally
L28;Lichen simplex chronicus and prurigo
L29;Pruritus
L30;Other and unspecified dermatitis
L40;Psoriasis
L41;Parapsoriasis
L42;Pityriasis rosea
L43;Lichen planus
L44;Other papulosquamous disorders
L50;Urticaria
L51;Erythema multiforme
L52;Erythema nodosum
L53;Other erythematous conditions
L55;Sunburn
L56;Other acute skin changes due to ultraviolet radiation
L57;Skin changes due to chronic expsr to nonionizing radiation
L58;Radiodermatitis
L59;Oth disorders of skin, subcu related to radiation
L60;Nail disorders
L62;Nail disorders in diseases classified elsewhere
L63;Alopecia areata
L64;Androgenic alopecia
L65;Other nonscarring hair loss
L66;Cicatricial alopecia [scarring hair loss]
L68;Hypertrichosis
L70;Acne
L71;Rosacea
L72;Follicular cysts of skin and subcutaneous tissue
L73;Other follicular disorders
L74;Eccrine sweat disorders
L80;Vitiligo
L81;Other disorders of pigmentation
L82;Seborrheic keratosis
L83;Acanthosis nigricans
L84;Corns and callosities
L85;Other epidermal thickening
L86;Keratoderma in diseases classified elsewhere
L87;Transepidermal elimination disorders
L88;Pyoderma gangrenosum
L89;Pressure ulcer
L90;Atrophic disorders of skin
L91;Hypertrophic disorders of skin
L92;Granulomatous disorders of skin and subcutaneous tissue
L93;Lupus erythematosus
L94;Other localized connective tissue disorders
L95;Vasculitis limited to skin, not elsewhere classified
L97;Non-pressure chronic ulcer of lower limb, NEC
L98;Oth disorders of skin, subcu, not elsewhere classified
L99;Oth disorders of skin, subcu in diseases classd elswhr
M00;Pyogenic arthritis
M01;Direct infect of joint in infec/parastc dis classd elswhr
M02;Postinfective and reactive arthropathies
M05;Rheumatoid arthritis with rheumatoid factor
M06;Other rheumatoid arthritis
M07;Enteropathic arthropathies
M08;Juvenile arthritis
M10;Gout
M11;Other crystal arthropathies
M12;Other and unspecified arthropathy
M13;Other arthritis
M14;Arthropathies in other diseases classified elsewhere
M15;Polyosteoarthritis
M16;Osteoarthritis of hip
M17;Osteoarthritis of knee
M18;Osteoarthritis of first carpometacarpal joint
M19;Other and unspecified osteoarthritis
M20;Acquired deformities of fingers and toes
M21;Other acquired deformities of limbs
M22;Disorder of patella
M23;Internal derangement of knee
M24;Other specific joint derangements
M25;Other joint disorder, not elsewhere classified
M30;Polyarteritis nodosa and related conditions
M31;Other necrotizing vasculopathies
M32;Systemic lupus erythematosus (SLE)
M33;Dermatopolymyositis
M34;Systemic sclerosis [scleroderma]
M35;Other systemic involvement of connective tissue
M40;Kyphosis and lordosis
M41;Scoliosis
M42;Spinal osteochondrosis
M43;Other deforming dorsopathies
M45;Ankylosing spondylitis
M46;Other inflammatory spondylopathies
M47;Spondylosis
M48;Other spondylopathies
M49;Spondylopathies in diseases classified elsewhere
M50;Cervical disc disorders
M51;Thoracic, thoracolum, and lumbosacral intvrt disc disorders
M53;Other and unspecified dorsopathies, not elsewhere classified
M54;Dorsalgia
M60;Myositis
M61;Calcification and ossification of muscle
M62;Other disorders of muscle
M63;Disorders of muscle in diseases classified elsewhere
M65;Synovitis and tenosynovitis
M66;Spontaneous rupture of synovium and tendon
M67;Other disorders of synovium and tendon
M70;Soft tissue disorders related to use, overuse and pressure
M71;Other bursopathies
M72;Fibroblastic disorders
M75;Shoulder lesions
M76;Enthesopathies, lower limb, excluding foot
M77;Other enthesopathies
M79;Oth and unsp soft tissue disorders, not elsewhere classified
M80;Osteoporosis with current pathological fracture
M81;Osteoporosis without current pathological fracture
M83;Adult osteomalacia
M84;Disorder of continuity of bone
M85;Other disorders of bone density and structure
M86;Osteomyelitis
M87;Osteonecrosis
M88;Osteitis deformans [Paget's disease of bone]
M89;Other disorders of bone
M90;Osteopathies in diseases classified elsewhere
M91;Juvenile osteochondrosis of hip and pelvis
M92;Other juvenile osteochondrosis
M93;Other osteochondropathies
M94;Other disorders of cartilage
M95;Oth acquired deformities of ms sys and connective tissue
M96;Intraop and postproc comp and disorders of ms sys, NEC
M99;Biomechanical lesions, not elsewhere classified
N00;Acute nephritic syndrome
N01;Rapidly progressive nephritic syndrome
N02;Recurrent and persistent hematuria
N03;Chronic nephritic syndrome
N04;Nephrotic syndrome
N05;Unspecified nephritic syndrome
N06;Isolated proteinuria with specified morphological lesion
N08;Glomerular disorders in diseases classified elsewhere
N10;Acute tubulo-interstitial nephritis
N11;Chronic tubulo-interstitial nephritis
N12;Tubulo-interstitial nephritis, not spcf as acute or chronic
N13;Obstructive and reflux uropathy
N15;Other renal tubulo-interstitial diseases
N16;Renal tubulo-interstitial disord in diseases classd elswhr
N17;Acute kidney failure
N18;Chronic kidney disease (CKD)
N19;Unspecified kidney failure
N20;Calculus of kidney and ureter
N21;Calculus of lower urinary tract
N22;Calculus of urinary tract in diseases classified elsewhere
N23;Unspecified renal colic
N25;Disorders resulting from impaired renal tubular function
N26;Unspecified contracted kidney
N27;Small kidney of unknown cause
N28;Oth disorders of kidney and ureter, not elsewhere classified
N29;Oth disorders of kidney and ureter in diseases classd elswhr
N30;Cystitis
N31;Neuromuscular dysfunction of bladder, NEC
N32;Other disorders of bladder
N33;Bladder disorders in diseases classified elsewhere
N34;Urethritis and urethral syndrome
N35;Urethral stricture
N36;Other disorders of urethra
N37;Urethral disorders in diseases classified elsewhere
N39;Other disorders of urinary system
N40;Enlarged prostate
N41;Inflammatory diseases of prostate
N42;Other and unspecified disorders of prostate
N43;Hydrocele and spermatocele
N44;Noninflammatory disorders of testis
N45;Orchitis and epididymitis
N46;Male infertility
N47;Disorders of prepuce
N48;Other disorders of penis
N49;Inflammatory disorders of male genital organs, NEC
N50;Other and unspecified disorders of male genital organs
N51;Disorders of male genital organs in diseases classd elswhr
N60;Benign mammary dysplasia
N61;Inflammatory disorders of breast
N62;Hypertrophy of breast
N63;Unspecified lump in breast
N64;Other disorders of breast
N70;Salpingitis and oophoritis
N71;Inflammatory disease of uterus, except cervix
N72;Inflammatory disease of cervix uteri
N73;Other female pelvic inflammatory diseases
N74;Female pelvic inflam disorders in diseases classd elswhr
N75;Diseases of Bartholin's gland
N76;Other inflammation of vagina and vulva
N77;Vulvovaginal ulceration and inflam in diseases classd elswhr
N80;Endometriosis
N81;Female genital prolapse
N82;Fistulae involving female genital tract
N83;Noninflammatory disord of ovary, fallop and broad ligament
N84;Polyp of female genital tract
N85;Other noninflammatory disorders of uterus, except cervix
N86;Erosion and ectropion of cervix uteri
N87;Dysplasia of cervix uteri
N88;Other noninflammatory disorders of cervix uteri
N89;Other noninflammatory disorders of vagina
N90;Other noninflammatory disorders of vulva and perineum
N91;Absent, scanty and rare menstruation
N92;Excessive, frequent and irregular menstruation
N93;Other abnormal uterine and vaginal bleeding
N94;Pain and oth cond assoc w fem gntl org and menstrual cycle
N95;Menopausal and other perimenopausal disorders
N96;Recurrent pregnancy loss
N97;Female infertility
N98;Complications associated with artificial fertilization
N99;Intraop and postproc comp and disorders of GU sys, NEC
O00;Ectopic pregnancy
O01;Hydatidiform mole
O02;Other abnormal products of conception
O03;Spontaneous abortion
O04;Complications following (induced) termination of pregnancy
O07;Failed attempted termination of pregnancy
O08;Complications following ectopic and molar pregnancy
O10;Pre-existing hypertension compl preg/chldbrth
O12;Gestational edema and proteinuria without hypertension
O13;Gestational hypertension without significant proteinuria
O14;Pre-eclampsia
O16;Unspecified maternal hypertension
O20;Hemorrhage in early pregnancy
O21;Excessive vomiting in pregnancy
O22;Venous complications and hemorrhoids in pregnancy
O23;Infections of genitourinary tract in pregnancy
O24;Diabetes in pregnancy, childbirth, and the puerperium
O25;Malnutrition in pregnancy, childbirth and the puerperium
O26;Maternal care for oth conditions predom related to pregnancy
O28;Abnormal findings on antenatal screening of mother
O30;Multiple gestation
O31;Complications specific to multiple gestation
O32;Maternal care for malpresentation of fetus
O33;Maternal care for disproportion
O34;Maternal care for abnormality of pelvic organs
O35;Maternal care for known or suspected fetal abnlt and damage
O36;Maternal care for other fetal problems
O40;Polyhydramnios
O41;Other disorders of amniotic fluid and membranes
O42;Premature rupture of membranes
O43;Placental disorders
O44;Placenta previa
O45;Premature separation of placenta [abruptio placentae]
O46;Antepartum hemorrhage, not elsewhere classified
O47;False labor
O48;Late pregnancy
O60;Preterm labor
O61;Failed induction of labor
O62;Abnormalities of forces of labor
O63;Long labor
O64;Obstructed labor due to malposition and malpresent of fetus
O65;Obstructed labor due to maternal pelvic abnormality
O66;Other obstructed labor
O67;Labor and delivery comp by intrapartum hemorrhage, NEC
O68;Labor and delivery comp by abnlt of fetal acid-base balance
O69;Labor and delivery complicated by umbilical cord comp
O70;Perineal laceration during delivery
O71;Other obstetric trauma
O72;Postpartum hemorrhage
O73;Retained placenta and membranes, without hemorrhage
O74;Complications of anesthesia during labor and delivery
O75;Oth complications of labor and delivery, NEC
O80;Encounter for full-term uncomplicated delivery
O82;Encounter for cesarean delivery without indication
O85;Puerperal sepsis
O86;Other puerperal infections
O87;Venous complications and hemorrhoids in the puerperium
O89;Complications of anesthesia during the puerperium
O90;Complications of the puerperium, not elsewhere classified
O91;Infect of breast assoc w pregnancy, the puerp and lactation
O92;Oth disord of brst/lactatn assoc w pregnancy and the puerp
O98;Matern infec/parastc dis classd elsw but compl preg/chldbrth
O99;Oth maternal diseases classd elsw but compl preg/chldbrth
P00;NB aff by matern cond that may be unrelated to present preg
P01;Newborn affected by maternal complications of pregnancy
P03;Newborn affected by oth complications of labor and delivery
P05;Disord of NB related to slow fetal growth and fetal malnut
P07;Disord of NB related to short gest and low birth weight, NEC
P11;Other birth injuries to central nervous system
P13;Birth injury to skeleton
P29;Cardiovascular disorders originating in the perinatal period
P39;Other infections specific to the perinatal period
P57;Kernicterus
P59;Neonatal jaundice from other and unspecified causes
P92;Feeding problems of newborn
Q00;Anencephaly and similar malformations
Q01;Encephalocele
Q04;Other congenital malformations of brain
Q05;Spina bifida
Q06;Other congenital malformations of spinal cord
Q10;Congenital malform of eyelid, lacrimal apparatus and orbit
Q11;Anophthalmos, microphthalmos and macrophthalmos
Q12;Congenital lens malformations
Q13;Congenital malformations of anterior segment of eye
Q14;Congenital malformations of posterior segment of eye
Q15;Other congenital malformations of eye
Q17;Other congenital malformations of ear
Q18;Other congenital malformations of face and neck
Q20;Congenital malformations of cardiac chambers and connections
Q21;Congenital malformations of cardiac septa
Q22;Congenital malformations of pulmonary and tricuspid valves
Q23;Congenital malformations of aortic and mitral valves
Q24;Other congenital malformations of heart
Q25;Congenital malformations of great arteries
Q26;Congenital malformations of great veins
Q27;Other congenital malformations of peripheral vascular system
Q28;Other congenital malformations of circulatory system
Q30;Congenital malformations of nose
Q33;Congenital malformations of lung
Q35;Cleft palate
Q36;Cleft lip
Q37;Cleft palate with cleft lip
Q38;Other congenital malformations of tongue, mouth and pharynx
Q39;Congenital malformations of esophagus
Q40;Other congenital malformations of upper alimentary tract
Q43;Other congenital malformations of intestine
Q44;Congenital malform of gallbladder, bile ducts and liver
Q45;Other congenital malformations of digestive system
Q50;Congen malform of ovaries, fallopian tubes & broad ligaments
Q51;Congenital malformations of uterus and cervix
Q52;Other congenital malformations of female genitalia
Q53;Undescended and ectopic testicle
Q54;Hypospadias
Q55;Other congenital malformations of male genital organs
Q60;Renal agenesis and other reduction defects of kidney
Q61;Cystic kidney disease
Q62;Congen defects of renal pelvis and congen malform of ureter
Q63;Other congenital malformations of kidney
Q64;Other congenital malformations of urinary system
Q65;Congenital deformities of hip
Q66;Congenital deformities of feet
Q67;Congenital ms deformities of head, face, spine and chest
Q68;Other congenital musculoskeletal deformities
Q69;Polydactyly
Q70;Syndactyly
Q72;Reduction defects of lower limb
Q74;Other congenital malformations of limb(s)
Q76;Congenital malformations of spine and bony thorax
Q78;Other osteochondrodysplasias
Q79;Congenital malformations of musculoskeletal system, NEC
Q80;Congenital ichthyosis
Q82;Other congenital malformations of skin
Q83;Congenital malformations of breast
Q85;Phakomatoses, not elsewhere classified
Q86;Congen malform syndromes due to known exogenous causes, NEC
Q87;Oth congenital malform syndromes affecting multiple systems
Q89;Other congenital malformations, not elsewhere classified
Q96;Turner's syndrome
Q99;Other chromosome abnormalities, not elsewhere classified
R00;Abnormalities of heart beat
R01;Cardiac murmurs and other cardiac sounds
R03;Abnormal blood-pressure reading, without diagnosis
R04;Hemorrhage from respiratory passages
R05;Cough
R06;Abnormalities of breathing
R07;Pain in throat and chest
R09;Oth symptoms and signs involving the circ and resp sys
R10;Abdominal and pelvic pain
R11;Nausea and vomiting
R12;Heartburn
R13;Aphagia and dysphagia
R14;Flatulence and related conditions
R15;Fecal incontinence
R16;Hepatomegaly and splenomegaly, not elsewhere classified
R17;Unspecified jaundice
R18;Ascites
R19;Oth symptoms and signs involving the dgstv sys and abdomen
R20;Disturbances of skin sensation
R21;Rash and other nonspecific skin eruption
R22;Localized swelling, mass and lump of skin, subcu
R23;Other skin changes
R25;Abnormal involuntary movements
R26;Abnormalities of gait and mobility
R27;Other lack of coordination
R29;Oth symptoms and signs involving the nervous and ms systems
R30;Pain associated with micturition
R31;Hematuria
R32;Unspecified urinary incontinence
R33;Retention of urine
R35;Polyuria
R36;Urethral discharge
R39;Oth and unsp symptoms and signs involving the GU sys
R40;Somnolence, stupor and coma
R41;Oth symptoms and signs w cognitive functions and awareness
R42;Dizziness and giddiness
R43;Disturbances of smell and taste
R44;Oth symptoms and signs w general sensations and perceptions
R45;Symptoms and signs involving emotional state
R46;Symptoms and signs involving appearance and behavior
R47;Speech disturbances, not elsewhere classified
R48;Dyslexia and oth symbolic dysfunctions, NEC
R49;Voice and resonance disorders
R50;Fever of other and unknown origin
R51;Headache
R52;Pain, unspecified
R53;Malaise and fatigue
R54;Age-related physical debility
R55;Syncope and collapse
R56;Convulsions, not elsewhere classified
R57;Shock, not elsewhere classified
R58;Hemorrhage, not elsewhere classified
R59;Enlarged lymph nodes
R60;Edema, not elsewhere classified
R61;Generalized hyperhidrosis
R63;Symptoms and signs concerning food and fluid intake
R64;Cachexia
R68;Other general symptoms and signs
R69;Illness, unspecified
R70;Elev erythro sedim and abnormality of plasma viscosity
R71;Abnormality of red blood cells
R73;Elevated blood glucose level
R74;Abnormal serum enzyme levels
R76;Other abnormal immunological findings in serum
R77;Other abnormalities of plasma proteins
R78;Find of drugs and oth substnc, not normally found in blood
R79;Other abnormal findings of blood chemistry
R80;Proteinuria
R81;Glycosuria
R82;Other and unspecified abnormal findings in urine
R87;Abnormal findings in specimens from female genital organs
R89;Abnormal findings in specimens from oth org/tiss
R90;Abnormal findings on diagnostic imaging of cnsl
R91;Abnormal findings on diagnostic imaging of lung
R92;Abnormal and inconclusive findings on dx imaging of breast
R93;Abnormal findings on diagnostic imaging of body structures
R94;Abnormal results of function studies
R99;Ill-defined and unknown cause of mortality
S00;Superficial injury of head
S01;Open wound of head
S02;Fracture of skull and facial bones
S03;Dislocation and sprain of joints and ligaments of head
S04;Injury of cranial nerve
S05;Injury of eye and orbit
S06;Intracranial injury
S09;Other and unspecified injuries of head
S10;Superficial injury of neck
S11;Open wound of neck
S12;Fracture of cervical vertebra and other parts of neck
S13;Dislocation and sprain of joints and ligaments at neck level
S14;Injury of nerves and spinal cord at neck level
S16;Injury of muscle, fascia and tendon at neck level
S19;Other specified and unspecified injuries of neck
S20;Superficial injury of thorax
S21;Open wound of thorax
S22;Fracture of rib(s), sternum and thoracic spine
S23;Dislocation and sprain of joints and ligaments of thorax
S24;Injury of nerves and spinal cord at thorax level
S27;Injury of other and unspecified intrathoracic organs
S29;Other and unspecified injuries of thorax
S30;Superfic inj abdomen, low back, pelvis and external genitals
S31;Opn wnd abdomen, lower back, pelvis and external genitals
S32;Fracture of lumbar spine and pelvis
S33;Disloc & sprain of joints & ligaments of lumbar spin & pelv
S34;Inj lower spinl cord and nrv at abd, low back and pelv level
S35;Inj blood vessels at abdomen, low back and pelvis level
S36;Injury of intra-abdominal organs
S37;Injury of urinary and pelvic organs
S38;Crush inj & traum amp of abd,low back, pelv & extrn genitals
S39;Oth & unsp injuries of abd, low back, pelv & extrn genitals
S40;Superficial injury of shoulder and upper arm
S41;Open wound of shoulder and upper arm
S42;Fracture of shoulder and upper arm
S43;Disloc and sprain of joints and ligaments of shoulder girdle
S44;Injury of nerves at shoulder and upper arm level
S46;Injury of muscle, fascia and tendon at shldr/up arm
S49;Other and unspecified injuries of shoulder and upper arm
S50;Superficial injury of elbow and forearm
S51;Open wound of elbow and forearm
S52;Fracture of forearm
S53;Dislocation and sprain of joints and ligaments of elbow
S54;Injury of nerves at forearm level
S56;Injury of muscle, fascia and tendon at forearm level
S57;Crushing injury of elbow and forearm
S59;Other and unspecified injuries of elbow and forearm
S60;Superficial injury of wrist, hand and fingers
S61;Open wound of wrist, hand and fingers
S62;Fracture at wrist and hand level
S63;Dislocation and sprain of joints and ligaments at wrs/hnd lv
S64;Injury of nerves at wrist and hand level
S66;Injury of muscle, fascia and tendon at wrist and hand level
S67;Crushing injury of wrist, hand and fingers
S68;Traumatic amputation of wrist, hand and fingers
S69;Other and unspecified injuries of wrist, hand and finger(s)
S70;Superficial injury of hip and thigh
S71;Open wound of hip and thigh
S72;Fracture of femur
S73;Dislocation and sprain of joint and ligaments of hip
S74;Injury of nerves at hip and thigh level
S76;Injury of muscle, fascia and tendon at hip and thigh level
S79;Other and unspecified injuries of hip and thigh
S80;Superficial injury of knee and lower leg
S81;Open wound of knee and lower leg
S82;Fracture of lower leg, including ankle
S83;Dislocation and sprain of joints and ligaments of knee
S84;Injury of nerves at lower leg level
S85;Injury of blood vessels at lower leg level
S86;Injury of muscle, fascia and tendon at lower leg level
S87;Crushing injury of lower leg
S89;Other and unspecified injuries of lower leg
S90;Superficial injury of ankle, foot and toes
S91;Open wound of ankle, foot and toes
S92;Fracture of foot and toe, except ankle
S93;Disloc & sprain of joints & ligaments at ankl, ft & toe lev
S94;Injury of nerves at ankle and foot level
S95;Injury of blood vessels at ankle and foot level
S96;Injury of muscle and tendon at ankle and foot level
S97;Crushing injury of ankle and foot
S99;Other and unspecified injuries of ankle and foot
T14;Injury of unspecified body region
T15;Foreign body on external eye
T16;Foreign body in ear
T17;Foreign body in respiratory tract
T18;Foreign body in alimentary tract
T19;Foreign body in genitourinary tract
T20;Burn and corrosion of head, face, and neck
T21;Burn and corrosion of trunk
T22;Burn and corrosion of shldr/up lmb, except wrist and hand
T23;Burn and corrosion of wrist and hand
T24;Burn and corrosion of lower limb, except ankle and foot
T25;Burn and corrosion of ankle and foot
T26;Burn and corrosion confined to eye and adnexa
T27;Burn and corrosion of respiratory tract
T28;Burn and corrosion of other internal organs
T30;Burn and corrosion, body region unspecified
T31;Burns classified accord extent body involv
T33;Superficial frostbite
T36;Systemic antibiotics
T38;Hormones and their synthetic substitutes and antag, NEC
T39;Nonopioid analgesics, antipyretics and antirheumatics
T40;Narcotics and psychodysleptics
T42;Antiepileptic, sedative- hypnotic and antiparkinsonism drugs
T43;Psychotropic drugs, not elsewhere classified
T44;Drugs primarily affecting the autonomic nervous system
T47;Agents primarily affecting the gastrointestinal system
T50;Diuretics and oth and unsp drug/meds/biol subst
T51;Toxic effect of alcohol
T54;Toxic effect of corrosive substances
T56;Toxic effect of metals
T58;Toxic effect of carbon monoxide
T59;Toxic effect of other gases, fumes and vapors
T62;Toxic effect of other noxious substances eaten as food
T63;Toxic effect of contact with venomous animals and plants
T67;Effects of heat and light
T69;Other effects of reduced temperature
T71;Asphyxiation
T75;Other and unspecified effects of other external causes
T78;Adverse effects, not elsewhere classified
T79;Certain early complications of trauma, NEC
T80;Comp following infusion, transfusion and theraputc injection
T81;Complications of procedures, not elsewhere classified
T82;Complications of cardiac and vascular prosth dev/grft
T83;Complications of genitourinary prosth dev/grft
T84;Complications of internal orthopedic prosth dev/grft
T85;Complications of internal prosth dev/grft
T86;Complications of transplanted organs and tissue
T87;Complications peculiar to reattachment and amputation
T88;Oth complications of surgical and medical care, NEC
V01;Pedestrian injured in collision with pedal cycle
V03;Pedestrian injured in collision w car, pick-up truck or van
V04;Pedestrian injured in collision w hv veh
V09;Pedestrian injured in other and unsp transport accidents
V11;Pedal cycle rider injured in collision with oth pedal cycle
V12;Pedal cycle rider injured in collision w 2/3-whl mv
V13;Pedal cycle rider injured pick-up truck, pk-up/van
V14;Pedal cycle rider injured in collision w hv veh
V17;Pedal cycle rider injured in collision w statnry object
V18;Pedal cycle rider injured in noncollision transport accident
V19;Pedl cyc rider injured in oth and unsp transport accidents
V23;Motorcycle rider injured pick-up truck, pick-up truck or van
V27;Motorcycle rider injured in collision w statnry object
V28;Motorcycle rider injured in noncollision transport accident
V32;Occupant of 3-whl mv injured in collision w 2/3-whl mv
V33;Occupant of 3-whl mv injured pick-up truck, pk-up/van
V43;Car occupant injured pick-up truck, pick-up truck or van
V44;Car occupant injured in collision w hv veh
V47;Car occupant injured in collision w statnry object
V48;Car occupant injured in noncollision transport accident
V49;Car occupant injured in other and unsp transport accidents
V53;Occupant of pk-up/van injured pick-up truck, pk-up/van
V64;Occupant of hv veh injured in collision w hv veh
V77;Bus occupant injured in collision w statnry object
V78;Bus occupant injured in noncollision transport accident
V79;Bus occupant injured in other and unsp transport accidents
V80;Animl-ridr or occ of anml-drn vehicle injured in trnsp acc
V82;Occupant of powered streetcar injured in transport accident
V85;Occupant of special construct vehicle injured in trnsp acc
V89;Motor- or nonmotor-vehicle accident, type of vehicle unsp
V90;Drowning and submersion due to accident to watercraft
V97;Other specified air transport accidents
V99;Unspecified transport accident
W00;Fall due to ice and snow
W01;Fall on same level from slipping, tripping and stumbling
W03;Oth fall on same level due to collision with another person
W04;Fall while being carried or supported by other persons
W06;Fall from bed
W07;Fall from chair
W08;Fall from other furniture
W09;Fall on and from playground equipment
W10;Fall on and from stairs and steps
W11;Fall on and from ladder
W13;Fall from, out of or through building or structure
W14;Fall from tree
W16;Fall, jump or diving into water
W17;Other fall from one level to another
W18;Other slipping, tripping and stumbling and falls
W19;Unspecified fall
W20;Struck by thrown, projected or falling object
W21;Striking against or struck by sports equipment
W22;Striking against or struck by other objects
W23;Caught, crushed, jammed or pinched in or between objects
W24;Contact w lifting and transmission devices, NEC
W25;Contact with sharp glass
W26;Contact with knife, sword or dagger
W27;Contact with nonpowered hand tool
W28;Contact with powered lawn mower
W29;Contact with oth powered hand tools and household machinery
W30;Contact with agricultural machinery
W31;Contact with other and unspecified machinery
W42;Exposure to noise
W45;Foreign body or object entering through skin
W49;Exposure to other inanimate mechanical forces
W50;Acc hit, strk, kick, twist, bite or scratch by another prsn
W51;Accidental striking against or bumped into by another person
W52;Crushed, pushed or stepped on by crowd or human stampede
W54;Contact with dog
W55;Contact with other mammals
W57;Bit/stung by nonvenom insect and oth nonvenomous arthropods
W59;Contact with other nonvenomous reptiles
W60;Contact w nonvenom plant thorns and spines and sharp leaves
W64;Exposure to other animate mechanical forces
W88;Exposure to ionizing radiation
W92;Exposure to excessive heat of man-made origin
W93;Exposure to excessive cold of man-made origin
W99;Exposure to other man-made environmental factors
X00;Exposure to uncontrolled fire in building or structure
X03;Exposure to controlled fire, not in building or structure
X04;Exposure to ignition of highly flammable material
X10;Contact with hot drinks, food, fats and cooking oils
X11;Contact with hot tap-water
X12;Contact with other hot fluids
X13;Contact with steam and other hot vapors
X15;Contact with hot household appliances
X16;Contact with hot heating appliances, radiators and pipes
X19;Contact with other heat and hot substances
X31;Exposure to excessive natural cold
X58;Exposure to other specified factors
X78;Intentional self-harm by sharp object
X99;Assault by sharp object
Y00;Assault by blunt object
Y04;Assault by bodily force
Y07;Perpetrator of assault, maltreatment and neglect
Y09;Assault by unspecified means
Y28;Contact with sharp object, undetermined intent
Y29;Contact with blunt object, undetermined intent
Y65;Other misadventures during surgical and medical care
Y76;Obstetric and gynecological devices assoc w incdt
Y77;Ophthalmic devices associated with adverse incidents
Y79;Orthopedic devices associated with adverse incidents
Y81;General- and plastic-surgery devices assoc w incdt
Y82;Oth and unsp medical devices associated w adverse incidents
Y83;Surg op & oth surg proc cause abn react/compl, w/o misadvnt
Y84;Oth medical procedures cause abn react/compl, w/o misadvnt
Y90;Evidence of alcohol involv determined by blood alcohol level
Z00;Encntr for general exam w/o complaint, susp or reprtd dx
Z01;Encntr for oth sp exam w/o complaint, suspected or reprtd dx
Z02;Encounter for administrative examination
Z03;Encntr for medical obs for susp diseases and cond ruled out
Z04;Encounter for examination and observation for other reasons
Z08;Encntr for follow-up exam after trtmt for malignant neoplasm
Z09;Encntr for f/u exam aft trtmt for cond oth than malig neoplm
Z11;Encounter for screening for infec/parastc diseases
Z12;Encounter for screening for malignant neoplasms
Z13;Encounter for screening for other diseases and disorders
Z20;Contact w and (suspected) exposure to communicable diseases
Z22;Carrier of infectious disease
Z23;Encounter for immunization
Z28;Immunization not carried out and underimmunization status
Z30;Encounter for contraceptive management
Z31;Encounter for procreative management
Z32;Encntr for preg test and chldbrth and childcare instruction
Z33;Pregnant state
Z34;Encounter for supervision of normal pregnancy
Z36;Encounter for antenatal screening of mother
Z37;Outcome of delivery
Z39;Encounter for maternal postpartum care and examination
Z40;Encounter for prophylactic surgery
Z41;Encntr for proc for purposes oth than remedying health state
Z42;Encntr for plast/recnst surg fol med proc or healed injury
Z45;Encounter for adjustment and management of implanted device
Z46;Encounter for fitting and adjustment of other devices
Z47;Orthopedic aftercare
Z48;Encounter for other postprocedural aftercare
Z49;Encounter for care involving renal dialysis
Z51;Encounter for other aftercare
Z52;Donors of organs and tissues
Z53;Persons encntr hlth serv for spec proc & trtmt, not crd out
Z56;Problems related to employment and unemployment
Z57;Occupational exposure to risk factors
Z60;Problems related to social environment
Z62;Problems related to upbringing
Z63;Oth prob rel to prim support group, inc family circumstances
Z64;Problems related to certain psychosocial circumstances
Z65;Problems related to other psychosocial circumstances
Z70;Counseling related to sexual attitude, behavior and orientn
Z71;Persons encntr health serv for oth cnsl and med advice, NEC
Z72;Problems related to lifestyle
Z73;Problems related to life management difficulty
Z74;Problems related to care provider dependency
Z75;Problems related to medical facilities and other health care
Z76;Persons encountering health services in other circumstances
Z80;Family history of primary malignant neoplasm
Z81;Family history of mental and behavioral disorders
Z82;Fam hx of certain disabil & chr dis (leading to disablement)
Z83;Family history of other specific disorders
Z84;Family history of other conditions
Z85;Personal history of malignant neoplasm
Z86;Personal history of certain other diseases
Z87;Personal history of other diseases and conditions
Z88;Allergy status to drug/meds/biol subst
Z89;Acquired absence of limb
Z90;Acquired absence of organs, not elsewhere classified
Z91;Personal risk factors, not elsewhere classified
Z92;Personal history of medical treatment
Z93;Artificial opening status
Z94;Transplanted organ and tissue status
Z95;Presence of cardiac and vascular implants and grafts
Z96;Presence of other functional implants
Z97;Presence of other devices
Z98;Other postprocedural states
Z99;Dependence on enabling machines and devices, NEC